"id","trace_code","message_type","from__","transaction_version","event_index","timestamp","__genBlockNumber__","__genBlockTime__","__genBlockHash__","__genBlockChain__","__deleted__","__timestamp__"
"1496573-0","120","1","0x4d2969d384e440db9f1a51391cfc261d1ec08ee1bdf7b9711a6c05d485a4110a","1496573","0","1744726850","1496573","2025-04-15T14:20:50.841Z","","aptos_movement_mainnet","false","2025-04-16T06:32:58Z"
"1496595-0","120","1","0x4d2969d384e440db9f1a51391cfc261d1ec08ee1bdf7b9711a6c05d485a4110a","1496595","0","1744726870","1496595","2025-04-15T14:21:10.887Z","","aptos_movement_mainnet","false","2025-04-16T06:32:58Z"
"1496637-0","120","1","0x4d2969d384e440db9f1a51391cfc261d1ec08ee1bdf7b9711a6c05d485a4110a","1496637","0","1744726911","1496637","2025-04-15T14:21:51.978Z","","aptos_movement_mainnet","false","2025-04-16T06:32:58Z"
"1496766-0","120","1","0x4d2969d384e440db9f1a51391cfc261d1ec08ee1bdf7b9711a6c05d485a4110a","1496766","0","1744727112","1496766","2025-04-15T14:25:12.416Z","","aptos_movement_mainnet","false","2025-04-16T06:32:58Z"
"1497639-0","120","1","0x4d2969d384e440db9f1a51391cfc261d1ec08ee1bdf7b9711a6c05d485a4110a","1497639","0","1744728267","1497639","2025-04-15T14:44:27.395Z","","aptos_movement_mainnet","false","2025-04-16T06:32:58Z"
"1498148-0","120","1","0x4d2969d384e440db9f1a51391cfc261d1ec08ee1bdf7b9711a6c05d485a4110a","1498148","0","1744729078","1498148","2025-04-15T14:57:58.629Z","","aptos_movement_mainnet","false","2025-04-16T06:32:58Z"
"1498593-0","120","1","0x4d2969d384e440db9f1a51391cfc261d1ec08ee1bdf7b9711a6c05d485a4110a","1498593","0","1744729623","1498593","2025-04-15T15:07:03.826Z","","aptos_movement_mainnet","false","2025-04-16T06:32:58Z"
"1501814-0","120","1","0x4d2969d384e440db9f1a51391cfc261d1ec08ee1bdf7b9711a6c05d485a4110a","1501814","0","1744733755","1501814","2025-04-15T16:15:55.386Z","","aptos_movement_mainnet","false","2025-04-16T06:32:58Z"
"1502424-0","120","1","0x4d2969d384e440db9f1a51391cfc261d1ec08ee1bdf7b9711a6c05d485a4110a","1502424","0","1744734492","1502424","2025-04-15T16:28:12.528Z","","aptos_movement_mainnet","false","2025-04-16T06:32:58Z"
"1502946-0","120","1","0x4d2969d384e440db9f1a51391cfc261d1ec08ee1bdf7b9711a6c05d485a4110a","1502946","0","1744735140","1502946","2025-04-15T16:39:00.935Z","","aptos_movement_mainnet","false","2025-04-16T06:32:58Z"
"1512362-0","120","1","0x4d2969d384e440db9f1a51391cfc261d1ec08ee1bdf7b9711a6c05d485a4110a","1512362","0","1744749604","1512362","2025-04-15T20:40:04.534Z","","aptos_movement_mainnet","false","2025-04-16T06:32:58Z"
"1512401-0","120","1","0x4d2969d384e440db9f1a51391cfc261d1ec08ee1bdf7b9711a6c05d485a4110a","1512401","0","1744749641","1512401","2025-04-15T20:40:41.115Z","","aptos_movement_mainnet","false","2025-04-16T06:32:58Z"
"1512929-0","120","1","0x4d2969d384e440db9f1a51391cfc261d1ec08ee1bdf7b9711a6c05d485a4110a","1512929","0","1744750334","1512929","2025-04-15T20:52:14.157Z","","aptos_movement_mainnet","false","2025-04-16T06:32:58Z"
"1512984-0","120","1","0x4d2969d384e440db9f1a51391cfc261d1ec08ee1bdf7b9711a6c05d485a4110a","1512984","0","1744750398","1512984","2025-04-15T20:53:18.297Z","","aptos_movement_mainnet","false","2025-04-16T06:32:58Z"
"1513368-0","120","1","0x4d2969d384e440db9f1a51391cfc261d1ec08ee1bdf7b9711a6c05d485a4110a","1513368","0","1744751008","1513368","2025-04-15T21:03:28.624Z","","aptos_movement_mainnet","false","2025-04-16T06:32:58Z"
"1515161-0","120","1","0x4d2969d384e440db9f1a51391cfc261d1ec08ee1bdf7b9711a6c05d485a4110a","1515161","0","1744753791","1515161","2025-04-15T21:49:51.704Z","","aptos_movement_mainnet","false","2025-04-16T06:32:58Z"
"1515188-0","120","1","0x4d2969d384e440db9f1a51391cfc261d1ec08ee1bdf7b9711a6c05d485a4110a","1515188","0","1744753831","1515188","2025-04-15T21:50:31.795Z","","aptos_movement_mainnet","false","2025-04-16T06:32:58Z"
"1515304-0","120","1","0x4d2969d384e440db9f1a51391cfc261d1ec08ee1bdf7b9711a6c05d485a4110a","1515304","0","1744753946","1515304","2025-04-15T21:52:26.542Z","","aptos_movement_mainnet","false","2025-04-16T06:32:58Z"
"1515331-0","120","1","0x4d2969d384e440db9f1a51391cfc261d1ec08ee1bdf7b9711a6c05d485a4110a","1515331","0","1744753971","1515331","2025-04-15T21:52:51.1Z","","aptos_movement_mainnet","false","2025-04-16T06:32:58Z"
"1515405-0","120","1","0x4d2969d384e440db9f1a51391cfc261d1ec08ee1bdf7b9711a6c05d485a4110a","1515405","0","1744754035","1515405","2025-04-15T21:53:55.745Z","","aptos_movement_mainnet","false","2025-04-16T06:32:58Z"
"1515500-0","120","1","0x4d2969d384e440db9f1a51391cfc261d1ec08ee1bdf7b9711a6c05d485a4110a","1515500","0","1744754147","1515500","2025-04-15T21:55:47.492Z","","aptos_movement_mainnet","false","2025-04-16T06:32:58Z"
"1515513-0","120","1","0x4d2969d384e440db9f1a51391cfc261d1ec08ee1bdf7b9711a6c05d485a4110a","1515513","0","1744754159","1515513","2025-04-15T21:55:59.516Z","","aptos_movement_mainnet","false","2025-04-16T06:32:58Z"
"1515576-0","120","1","0x4d2969d384e440db9f1a51391cfc261d1ec08ee1bdf7b9711a6c05d485a4110a","1515576","0","1744754225","1515576","2025-04-15T21:57:05.158Z","","aptos_movement_mainnet","false","2025-04-16T06:32:58Z"
"1466885-0","120","1","0x4d2969d384e440db9f1a51391cfc261d1ec08ee1bdf7b9711a6c05d485a4110a","1466885","0","1744692396","1466885","2025-04-15T04:46:36.795Z","","aptos_movement_mainnet","false","2025-04-16T06:32:57Z"
"1482153-0","120","1","0x4d2969d384e440db9f1a51391cfc261d1ec08ee1bdf7b9711a6c05d485a4110a","1482153","0","1744709624","1482153","2025-04-15T09:33:44.684Z","","aptos_movement_mainnet","false","2025-04-16T06:32:57Z"
"1482324-0","120","1","0x4d2969d384e440db9f1a51391cfc261d1ec08ee1bdf7b9711a6c05d485a4110a","1482324","0","1744709793","1482324","2025-04-15T09:36:33.575Z","","aptos_movement_mainnet","false","2025-04-16T06:32:57Z"
"1485449-0","120","1","0x4d2969d384e440db9f1a51391cfc261d1ec08ee1bdf7b9711a6c05d485a4110a","1485449","0","1744712982","1485449","2025-04-15T10:29:42.69Z","","aptos_movement_mainnet","false","2025-04-16T06:32:57Z"
"1486335-0","120","1","0x4d2969d384e440db9f1a51391cfc261d1ec08ee1bdf7b9711a6c05d485a4110a","1486335","0","1744713963","1486335","2025-04-15T10:46:03.379Z","","aptos_movement_mainnet","false","2025-04-16T06:32:57Z"
"1491252-0","120","1","0x4d2969d384e440db9f1a51391cfc261d1ec08ee1bdf7b9711a6c05d485a4110a","1491252","0","1744719762","1491252","2025-04-15T12:22:42.672Z","","aptos_movement_mainnet","false","2025-04-16T06:32:57Z"
"1491460-0","120","1","0x4d2969d384e440db9f1a51391cfc261d1ec08ee1bdf7b9711a6c05d485a4110a","1491460","0","1744720019","1491460","2025-04-15T12:26:59.751Z","","aptos_movement_mainnet","false","2025-04-16T06:32:57Z"
"1491803-0","120","1","0x4d2969d384e440db9f1a51391cfc261d1ec08ee1bdf7b9711a6c05d485a4110a","1491803","0","1744720404","1491803","2025-04-15T12:33:24.619Z","","aptos_movement_mainnet","false","2025-04-16T06:32:57Z"
"1491857-0","120","1","0x4d2969d384e440db9f1a51391cfc261d1ec08ee1bdf7b9711a6c05d485a4110a","1491857","0","1744720448","1491857","2025-04-15T12:34:08.717Z","","aptos_movement_mainnet","false","2025-04-16T06:32:57Z"
"1491963-0","120","1","0x4d2969d384e440db9f1a51391cfc261d1ec08ee1bdf7b9711a6c05d485a4110a","1491963","0","1744720560","1491963","2025-04-15T12:36:00.958Z","","aptos_movement_mainnet","false","2025-04-16T06:32:57Z"
"1492130-0","120","1","0x4d2969d384e440db9f1a51391cfc261d1ec08ee1bdf7b9711a6c05d485a4110a","1492130","0","1744720753","1492130","2025-04-15T12:39:13.871Z","","aptos_movement_mainnet","false","2025-04-16T06:32:57Z"
"1492365-0","120","1","0x4d2969d384e440db9f1a51391cfc261d1ec08ee1bdf7b9711a6c05d485a4110a","1492365","0","1744721093","1492365","2025-04-15T12:44:53.133Z","","aptos_movement_mainnet","false","2025-04-16T06:32:57Z"
"1492381-0","120","1","0x4d2969d384e440db9f1a51391cfc261d1ec08ee1bdf7b9711a6c05d485a4110a","1492381","0","1744721109","1492381","2025-04-15T12:45:09.167Z","","aptos_movement_mainnet","false","2025-04-16T06:32:57Z"
"1495796-0","120","1","0x4d2969d384e440db9f1a51391cfc261d1ec08ee1bdf7b9711a6c05d485a4110a","1495796","0","1744725838","1495796","2025-04-15T14:03:58.644Z","","aptos_movement_mainnet","false","2025-04-16T06:32:57Z"
"1495817-0","120","1","0x4d2969d384e440db9f1a51391cfc261d1ec08ee1bdf7b9711a6c05d485a4110a","1495817","0","1744725862","1495817","2025-04-15T14:04:22.695Z","","aptos_movement_mainnet","false","2025-04-16T06:32:57Z"
"1280726-0","120","1","0x4d2969d384e440db9f1a51391cfc261d1ec08ee1bdf7b9711a6c05d485a4110a","1280726","0","1744314558","1280726","2025-04-10T19:49:18.011Z","","aptos_movement_mainnet","false","2025-04-16T06:32:53Z"
"1281921-0","120","1","0x4d2969d384e440db9f1a51391cfc261d1ec08ee1bdf7b9711a6c05d485a4110a","1281921","0","1744317662","1281921","2025-04-10T20:41:02.055Z","","aptos_movement_mainnet","false","2025-04-16T06:32:53Z"
"1282394-0","120","1","0x4d2969d384e440db9f1a51391cfc261d1ec08ee1bdf7b9711a6c05d485a4110a","1282394","0","1744318593","1282394","2025-04-10T20:56:33.647Z","","aptos_movement_mainnet","false","2025-04-16T06:32:53Z"
"1282404-0","120","1","0x4d2969d384e440db9f1a51391cfc261d1ec08ee1bdf7b9711a6c05d485a4110a","1282404","0","1744318615","1282404","2025-04-10T20:56:55.697Z","","aptos_movement_mainnet","false","2025-04-16T06:32:53Z"
"1282594-0","120","1","0x4d2969d384e440db9f1a51391cfc261d1ec08ee1bdf7b9711a6c05d485a4110a","1282594","0","1744319031","1282594","2025-04-10T21:03:51.668Z","","aptos_movement_mainnet","false","2025-04-16T06:32:53Z"
"1283065-0","120","1","0x4d2969d384e440db9f1a51391cfc261d1ec08ee1bdf7b9711a6c05d485a4110a","1283065","0","1744320155","1283065","2025-04-10T21:22:35.705Z","","aptos_movement_mainnet","false","2025-04-16T06:32:53Z"
"1283094-0","120","1","0x4d2969d384e440db9f1a51391cfc261d1ec08ee1bdf7b9711a6c05d485a4110a","1283094","0","1744320192","1283094","2025-04-10T21:23:12.784Z","","aptos_movement_mainnet","false","2025-04-16T06:32:53Z"
"1284588-0","120","1","0x4d2969d384e440db9f1a51391cfc261d1ec08ee1bdf7b9711a6c05d485a4110a","1284588","0","1744324651","1284588","2025-04-10T22:37:31.278Z","","aptos_movement_mainnet","false","2025-04-16T06:32:53Z"
"1284659-0","120","1","0x4d2969d384e440db9f1a51391cfc261d1ec08ee1bdf7b9711a6c05d485a4110a","1284659","0","1744324760","1284659","2025-04-10T22:39:20.029Z","","aptos_movement_mainnet","false","2025-04-16T06:32:53Z"
"1284940-0","120","1","0x4d2969d384e440db9f1a51391cfc261d1ec08ee1bdf7b9711a6c05d485a4110a","1284940","0","1744325685","1284940","2025-04-10T22:54:45.598Z","","aptos_movement_mainnet","false","2025-04-16T06:32:53Z"
"1285773-0","120","1","0x4d2969d384e440db9f1a51391cfc261d1ec08ee1bdf7b9711a6c05d485a4110a","1285773","0","1744328773","1285773","2025-04-10T23:46:13.077Z","","aptos_movement_mainnet","false","2025-04-16T06:32:53Z"
"1286225-0","120","1","0x4d2969d384e440db9f1a51391cfc261d1ec08ee1bdf7b9711a6c05d485a4110a","1286225","0","1744330611","1286225","2025-04-11T00:16:51.729Z","","aptos_movement_mainnet","false","2025-04-16T06:32:53Z"
"1286909-0","120","1","0x4d2969d384e440db9f1a51391cfc261d1ec08ee1bdf7b9711a6c05d485a4110a","1286909","0","1744333331","1286909","2025-04-11T01:02:11.849Z","","aptos_movement_mainnet","false","2025-04-16T06:32:53Z"
"1286925-0","120","1","0x4d2969d384e440db9f1a51391cfc261d1ec08ee1bdf7b9711a6c05d485a4110a","1286925","0","1744333347","1286925","2025-04-11T01:02:27.885Z","","aptos_movement_mainnet","false","2025-04-16T06:32:53Z"
"1286961-0","120","1","0x4d2969d384e440db9f1a51391cfc261d1ec08ee1bdf7b9711a6c05d485a4110a","1286961","0","1744333375","1286961","2025-04-11T01:02:55.947Z","","aptos_movement_mainnet","false","2025-04-16T06:32:53Z"
"1286998-0","120","1","0x4d2969d384e440db9f1a51391cfc261d1ec08ee1bdf7b9711a6c05d485a4110a","1286998","0","1744333417","1286998","2025-04-11T01:03:37.034Z","","aptos_movement_mainnet","false","2025-04-16T06:32:53Z"
"1287016-0","120","1","0x4d2969d384e440db9f1a51391cfc261d1ec08ee1bdf7b9711a6c05d485a4110a","1287016","0","1744333445","1287016","2025-04-11T01:04:05.596Z","","aptos_movement_mainnet","false","2025-04-16T06:32:53Z"
"1287040-0","120","1","0x4d2969d384e440db9f1a51391cfc261d1ec08ee1bdf7b9711a6c05d485a4110a","1287040","0","1744333479","1287040","2025-04-11T01:04:39.674Z","","aptos_movement_mainnet","false","2025-04-16T06:32:53Z"
"1287715-0","120","1","0x4d2969d384e440db9f1a51391cfc261d1ec08ee1bdf7b9711a6c05d485a4110a","1287715","0","1744336523","1287715","2025-04-11T01:55:23.062Z","","aptos_movement_mainnet","false","2025-04-16T06:32:53Z"
"1287892-0","120","1","0x4d2969d384e440db9f1a51391cfc261d1ec08ee1bdf7b9711a6c05d485a4110a","1287892","0","1744337018","1287892","2025-04-11T02:03:38.146Z","","aptos_movement_mainnet","false","2025-04-16T06:32:53Z"
"1288970-0","120","1","0x4d2969d384e440db9f1a51391cfc261d1ec08ee1bdf7b9711a6c05d485a4110a","1288970","0","1744340500","1288970","2025-04-11T03:01:40.955Z","","aptos_movement_mainnet","false","2025-04-16T06:32:53Z"
"1290624-0","120","1","0x4d2969d384e440db9f1a51391cfc261d1ec08ee1bdf7b9711a6c05d485a4110a","1290624","0","1744345645","1290624","2025-04-11T04:27:25Z","","aptos_movement_mainnet","false","2025-04-16T06:32:53Z"
"1291053-0","120","1","0x4d2969d384e440db9f1a51391cfc261d1ec08ee1bdf7b9711a6c05d485a4110a","1291053","0","1744346914","1291053","2025-04-11T04:48:34.851Z","","aptos_movement_mainnet","false","2025-04-16T06:32:53Z"
"1291286-0","120","1","0x4d2969d384e440db9f1a51391cfc261d1ec08ee1bdf7b9711a6c05d485a4110a","1291286","0","1744347537","1291286","2025-04-11T04:58:57.749Z","","aptos_movement_mainnet","false","2025-04-16T06:32:53Z"
"1292023-0","120","1","0x4d2969d384e440db9f1a51391cfc261d1ec08ee1bdf7b9711a6c05d485a4110a","1292023","0","1744351670","1292023","2025-04-11T06:07:50.489Z","","aptos_movement_mainnet","false","2025-04-16T06:32:53Z"
"1292154-0","120","1","0x4d2969d384e440db9f1a51391cfc261d1ec08ee1bdf7b9711a6c05d485a4110a","1292154","0","1744351973","1292154","2025-04-11T06:12:53.21Z","","aptos_movement_mainnet","false","2025-04-16T06:32:53Z"
"1292352-0","120","1","0x4d2969d384e440db9f1a51391cfc261d1ec08ee1bdf7b9711a6c05d485a4110a","1292352","0","1744352506","1292352","2025-04-11T06:21:46.904Z","","aptos_movement_mainnet","false","2025-04-16T06:32:53Z"
"1292357-0","120","1","0x4d2969d384e440db9f1a51391cfc261d1ec08ee1bdf7b9711a6c05d485a4110a","1292357","0","1744352515","1292357","2025-04-11T06:21:55.923Z","","aptos_movement_mainnet","false","2025-04-16T06:32:53Z"
"1293266-0","120","1","0x4d2969d384e440db9f1a51391cfc261d1ec08ee1bdf7b9711a6c05d485a4110a","1293266","0","1744356229","1293266","2025-04-11T07:23:49.235Z","","aptos_movement_mainnet","false","2025-04-16T06:32:53Z"
"1293400-0","120","1","0x4d2969d384e440db9f1a51391cfc261d1ec08ee1bdf7b9711a6c05d485a4110a","1293400","0","1744356772","1293400","2025-04-11T07:32:52.982Z","","aptos_movement_mainnet","false","2025-04-16T06:32:53Z"
"1293766-0","120","1","0x4d2969d384e440db9f1a51391cfc261d1ec08ee1bdf7b9711a6c05d485a4110a","1293766","0","1744358018","1293766","2025-04-11T07:53:38.767Z","","aptos_movement_mainnet","false","2025-04-16T06:32:53Z"
"1293879-0","120","1","0x4d2969d384e440db9f1a51391cfc261d1ec08ee1bdf7b9711a6c05d485a4110a","1293879","0","1744358242","1293879","2025-04-11T07:57:22.779Z","","aptos_movement_mainnet","false","2025-04-16T06:32:53Z"
"1294130-0","120","1","0x4d2969d384e440db9f1a51391cfc261d1ec08ee1bdf7b9711a6c05d485a4110a","1294130","0","1744358913","1294130","2025-04-11T08:08:33.295Z","","aptos_movement_mainnet","false","2025-04-16T06:32:53Z"
"1294185-0","120","1","0x4d2969d384e440db9f1a51391cfc261d1ec08ee1bdf7b9711a6c05d485a4110a","1294185","0","1744358956","1294185","2025-04-11T08:09:16.898Z","","aptos_movement_mainnet","false","2025-04-16T06:32:53Z"
"1294200-0","120","1","0x4d2969d384e440db9f1a51391cfc261d1ec08ee1bdf7b9711a6c05d485a4110a","1294200","0","1744358973","1294200","2025-04-11T08:09:33.938Z","","aptos_movement_mainnet","false","2025-04-16T06:32:53Z"
"1294215-0","120","1","0x4d2969d384e440db9f1a51391cfc261d1ec08ee1bdf7b9711a6c05d485a4110a","1294215","0","1744358990","1294215","2025-04-11T08:09:50.48Z","","aptos_movement_mainnet","false","2025-04-16T06:32:53Z"
"1294724-0","120","1","0x4d2969d384e440db9f1a51391cfc261d1ec08ee1bdf7b9711a6c05d485a4110a","1294724","0","1744360416","1294724","2025-04-11T08:33:36.682Z","","aptos_movement_mainnet","false","2025-04-16T06:32:53Z"
"1295350-0","120","1","0x4d2969d384e440db9f1a51391cfc261d1ec08ee1bdf7b9711a6c05d485a4110a","1295350","0","1744362007","1295350","2025-04-11T09:00:07.298Z","","aptos_movement_mainnet","false","2025-04-16T06:32:53Z"
"1295819-0","120","1","0x4d2969d384e440db9f1a51391cfc261d1ec08ee1bdf7b9711a6c05d485a4110a","1295819","0","1744363299","1295819","2025-04-11T09:21:39.739Z","","aptos_movement_mainnet","false","2025-04-16T06:32:53Z"
"1295831-0","120","1","0x4d2969d384e440db9f1a51391cfc261d1ec08ee1bdf7b9711a6c05d485a4110a","1295831","0","1744363320","1295831","2025-04-11T09:22:00.787Z","","aptos_movement_mainnet","false","2025-04-16T06:32:53Z"
"1296174-0","120","1","0x4d2969d384e440db9f1a51391cfc261d1ec08ee1bdf7b9711a6c05d485a4110a","1296174","0","1744363582","1296174","2025-04-11T09:26:22.88Z","","aptos_movement_mainnet","false","2025-04-16T06:32:53Z"
"1297127-0","120","1","0x4d2969d384e440db9f1a51391cfc261d1ec08ee1bdf7b9711a6c05d485a4110a","1297127","0","1744365876","1297127","2025-04-11T10:04:36.563Z","","aptos_movement_mainnet","false","2025-04-16T06:32:55Z"
"1297262-0","120","1","0x4d2969d384e440db9f1a51391cfc261d1ec08ee1bdf7b9711a6c05d485a4110a","1297262","0","1744366209","1297262","2025-04-11T10:10:09.304Z","","aptos_movement_mainnet","false","2025-04-16T06:32:55Z"
"1297275-0","120","1","0x4d2969d384e440db9f1a51391cfc261d1ec08ee1bdf7b9711a6c05d485a4110a","1297275","0","1744366229","1297275","2025-04-11T10:10:29.849Z","","aptos_movement_mainnet","false","2025-04-16T06:32:55Z"
"1297286-0","120","1","0x4d2969d384e440db9f1a51391cfc261d1ec08ee1bdf7b9711a6c05d485a4110a","1297286","0","1744366244","1297286","2025-04-11T10:10:44.883Z","","aptos_movement_mainnet","false","2025-04-16T06:32:55Z"
"1297708-0","120","1","0x4d2969d384e440db9f1a51391cfc261d1ec08ee1bdf7b9711a6c05d485a4110a","1297708","0","1744367123","1297708","2025-04-11T10:25:23.376Z","","aptos_movement_mainnet","false","2025-04-16T06:32:55Z"
"1297902-0","120","1","0x4d2969d384e440db9f1a51391cfc261d1ec08ee1bdf7b9711a6c05d485a4110a","1297902","0","1744367618","1297902","2025-04-11T10:33:38.976Z","","aptos_movement_mainnet","false","2025-04-16T06:32:55Z"
"1298071-0","120","1","0x4d2969d384e440db9f1a51391cfc261d1ec08ee1bdf7b9711a6c05d485a4110a","1298071","0","1744368066","1298071","2025-04-11T10:41:06.987Z","","aptos_movement_mainnet","false","2025-04-16T06:32:55Z"
"1298192-0","120","1","0x4d2969d384e440db9f1a51391cfc261d1ec08ee1bdf7b9711a6c05d485a4110a","1298192","0","1744368303","1298192","2025-04-11T10:45:03.028Z","","aptos_movement_mainnet","false","2025-04-16T06:32:55Z"
"1298671-0","120","1","0x4d2969d384e440db9f1a51391cfc261d1ec08ee1bdf7b9711a6c05d485a4110a","1298671","0","1744369332","1298671","2025-04-11T11:02:12.839Z","","aptos_movement_mainnet","false","2025-04-16T06:32:55Z"
"1298998-0","120","1","0x4d2969d384e440db9f1a51391cfc261d1ec08ee1bdf7b9711a6c05d485a4110a","1298998","0","1744370054","1298998","2025-04-11T11:14:14.475Z","","aptos_movement_mainnet","false","2025-04-16T06:32:55Z"
"1299516-0","120","1","0x4d2969d384e440db9f1a51391cfc261d1ec08ee1bdf7b9711a6c05d485a4110a","1299516","0","1744371387","1299516","2025-04-11T11:36:27.457Z","","aptos_movement_mainnet","false","2025-04-16T06:32:55Z"
"1299626-0","120","1","0x4d2969d384e440db9f1a51391cfc261d1ec08ee1bdf7b9711a6c05d485a4110a","1299626","0","1744371785","1299626","2025-04-11T11:43:05.336Z","","aptos_movement_mainnet","false","2025-04-16T06:32:55Z"
"1299751-0","120","1","0x4d2969d384e440db9f1a51391cfc261d1ec08ee1bdf7b9711a6c05d485a4110a","1299751","0","1744372038","1299751","2025-04-11T11:47:18.395Z","","aptos_movement_mainnet","false","2025-04-16T06:32:55Z"
"1299792-0","120","1","0x4d2969d384e440db9f1a51391cfc261d1ec08ee1bdf7b9711a6c05d485a4110a","1299792","0","1744372086","1299792","2025-04-11T11:48:06.503Z","","aptos_movement_mainnet","false","2025-04-16T06:32:55Z"
"1301551-0","120","1","0x4d2969d384e440db9f1a51391cfc261d1ec08ee1bdf7b9711a6c05d485a4110a","1301551","0","1744376806","1301551","2025-04-11T13:06:46.61Z","","aptos_movement_mainnet","false","2025-04-16T06:32:55Z"
"1302608-0","120","1","0x4d2969d384e440db9f1a51391cfc261d1ec08ee1bdf7b9711a6c05d485a4110a","1302608","0","1744379552","1302608","2025-04-11T13:52:32.733Z","","aptos_movement_mainnet","false","2025-04-16T06:32:55Z"
"1303010-0","120","1","0x4d2969d384e440db9f1a51391cfc261d1ec08ee1bdf7b9711a6c05d485a4110a","1303010","0","1744380421","1303010","2025-04-11T14:07:01.721Z","","aptos_movement_mainnet","false","2025-04-16T06:32:55Z"
"1303659-0","120","1","0x4d2969d384e440db9f1a51391cfc261d1ec08ee1bdf7b9711a6c05d485a4110a","1303659","0","1744382180","1303659","2025-04-11T14:36:20.658Z","","aptos_movement_mainnet","false","2025-04-16T06:32:55Z"
"1303682-0","120","1","0x4d2969d384e440db9f1a51391cfc261d1ec08ee1bdf7b9711a6c05d485a4110a","1303682","0","1744382204","1303682","2025-04-11T14:36:44.713Z","","aptos_movement_mainnet","false","2025-04-16T06:32:55Z"
"1303764-0","120","1","0x4d2969d384e440db9f1a51391cfc261d1ec08ee1bdf7b9711a6c05d485a4110a","1303764","0","1744382310","1303764","2025-04-11T14:38:30.451Z","","aptos_movement_mainnet","false","2025-04-16T06:32:55Z"
"1303931-0","120","1","0x4d2969d384e440db9f1a51391cfc261d1ec08ee1bdf7b9711a6c05d485a4110a","1303931","0","1744382672","1303931","2025-04-11T14:44:32.783Z","","aptos_movement_mainnet","false","2025-04-16T06:32:55Z"
"1304125-0","120","1","0x4d2969d384e440db9f1a51391cfc261d1ec08ee1bdf7b9711a6c05d485a4110a","1304125","0","1744383050","1304125","2025-04-11T14:50:50.139Z","","aptos_movement_mainnet","false","2025-04-16T06:32:55Z"
"1304351-0","120","1","0x4d2969d384e440db9f1a51391cfc261d1ec08ee1bdf7b9711a6c05d485a4110a","1304351","0","1744383705","1304351","2025-04-11T15:01:45.093Z","","aptos_movement_mainnet","false","2025-04-16T06:32:55Z"
"1304389-0","120","1","0x4d2969d384e440db9f1a51391cfc261d1ec08ee1bdf7b9711a6c05d485a4110a","1304389","0","1744383760","1304389","2025-04-11T15:02:40.71Z","","aptos_movement_mainnet","false","2025-04-16T06:32:55Z"
"1304448-0","120","1","0x4d2969d384e440db9f1a51391cfc261d1ec08ee1bdf7b9711a6c05d485a4110a","1304448","0","1744383861","1304448","2025-04-11T15:04:21.935Z","","aptos_movement_mainnet","false","2025-04-16T06:32:55Z"
"1304787-0","120","1","0x4d2969d384e440db9f1a51391cfc261d1ec08ee1bdf7b9711a6c05d485a4110a","1304787","0","1744384631","1304787","2025-04-11T15:17:11.198Z","","aptos_movement_mainnet","false","2025-04-16T06:32:55Z"
"1305256-0","120","1","0x4d2969d384e440db9f1a51391cfc261d1ec08ee1bdf7b9711a6c05d485a4110a","1305256","0","1744385564","1305256","2025-04-11T15:32:44.285Z","","aptos_movement_mainnet","false","2025-04-16T06:32:55Z"
"1305850-0","120","1","0x4d2969d384e440db9f1a51391cfc261d1ec08ee1bdf7b9711a6c05d485a4110a","1305850","0","1744386775","1305850","2025-04-11T15:52:55.48Z","","aptos_movement_mainnet","false","2025-04-16T06:32:55Z"
"1306036-0","120","1","0x4d2969d384e440db9f1a51391cfc261d1ec08ee1bdf7b9711a6c05d485a4110a","1306036","0","1744387151","1306036","2025-04-11T15:59:11.867Z","","aptos_movement_mainnet","false","2025-04-16T06:32:55Z"
"1306096-0","120","1","0x4d2969d384e440db9f1a51391cfc261d1ec08ee1bdf7b9711a6c05d485a4110a","1306096","0","1744387232","1306096","2025-04-11T16:00:32.042Z","","aptos_movement_mainnet","false","2025-04-16T06:32:55Z"
"1306667-0","120","1","0x4d2969d384e440db9f1a51391cfc261d1ec08ee1bdf7b9711a6c05d485a4110a","1306667","0","1744388840","1306667","2025-04-11T16:27:20.221Z","","aptos_movement_mainnet","false","2025-04-16T06:32:55Z"
"1306806-0","120","1","0x4d2969d384e440db9f1a51391cfc261d1ec08ee1bdf7b9711a6c05d485a4110a","1306806","0","1744389153","1306806","2025-04-11T16:32:33.424Z","","aptos_movement_mainnet","false","2025-04-16T06:32:55Z"
"1306903-0","120","1","0x4d2969d384e440db9f1a51391cfc261d1ec08ee1bdf7b9711a6c05d485a4110a","1306903","0","1744389323","1306903","2025-04-11T16:35:23.311Z","","aptos_movement_mainnet","false","2025-04-16T06:32:55Z"
"1306994-0","120","1","0x4d2969d384e440db9f1a51391cfc261d1ec08ee1bdf7b9711a6c05d485a4110a","1306994","0","1744389457","1306994","2025-04-11T16:37:37.626Z","","aptos_movement_mainnet","false","2025-04-16T06:32:55Z"
"1307690-0","120","1","0x4d2969d384e440db9f1a51391cfc261d1ec08ee1bdf7b9711a6c05d485a4110a","1307690","0","1744391495","1307690","2025-04-11T17:11:35.707Z","","aptos_movement_mainnet","false","2025-04-16T06:32:55Z"
"1308010-0","120","1","0x4d2969d384e440db9f1a51391cfc261d1ec08ee1bdf7b9711a6c05d485a4110a","1308010","0","1744392457","1308010","2025-04-11T17:27:37.874Z","","aptos_movement_mainnet","false","2025-04-16T06:32:55Z"
"1308737-0","120","1","0x4d2969d384e440db9f1a51391cfc261d1ec08ee1bdf7b9711a6c05d485a4110a","1308737","0","1744394022","1308737","2025-04-11T17:53:42.448Z","","aptos_movement_mainnet","false","2025-04-16T06:32:55Z"
"1309099-0","120","1","0x4d2969d384e440db9f1a51391cfc261d1ec08ee1bdf7b9711a6c05d485a4110a","1309099","0","1744394897","1309099","2025-04-11T18:08:17.93Z","","aptos_movement_mainnet","false","2025-04-16T06:32:55Z"
"1309108-0","120","1","0x4d2969d384e440db9f1a51391cfc261d1ec08ee1bdf7b9711a6c05d485a4110a","1309108","0","1744394915","1309108","2025-04-11T18:08:35.467Z","","aptos_movement_mainnet","false","2025-04-16T06:32:55Z"
"1309149-0","120","1","0x4d2969d384e440db9f1a51391cfc261d1ec08ee1bdf7b9711a6c05d485a4110a","1309149","0","1744394980","1309149","2025-04-11T18:09:40.616Z","","aptos_movement_mainnet","false","2025-04-16T06:32:55Z"
"1309303-0","120","1","0x4d2969d384e440db9f1a51391cfc261d1ec08ee1bdf7b9711a6c05d485a4110a","1309303","0","1744395413","1309303","2025-04-11T18:16:53.588Z","","aptos_movement_mainnet","false","2025-04-16T06:32:55Z"
"1309982-0","120","1","0x4d2969d384e440db9f1a51391cfc261d1ec08ee1bdf7b9711a6c05d485a4110a","1309982","0","1744397635","1309982","2025-04-11T18:53:55.577Z","","aptos_movement_mainnet","false","2025-04-16T06:32:55Z"
"1310108-0","120","1","0x4d2969d384e440db9f1a51391cfc261d1ec08ee1bdf7b9711a6c05d485a4110a","1310108","0","1744398016","1310108","2025-04-11T19:00:16.443Z","","aptos_movement_mainnet","false","2025-04-16T06:32:55Z"
"1310381-0","120","1","0x4d2969d384e440db9f1a51391cfc261d1ec08ee1bdf7b9711a6c05d485a4110a","1310381","0","1744399024","1310381","2025-04-11T19:17:04.185Z","","aptos_movement_mainnet","false","2025-04-16T06:32:55Z"
"1311046-0","120","1","0x4d2969d384e440db9f1a51391cfc261d1ec08ee1bdf7b9711a6c05d485a4110a","1311046","0","1744400993","1311046","2025-04-11T19:49:53.638Z","","aptos_movement_mainnet","false","2025-04-16T06:32:55Z"
"1311719-0","120","1","0x4d2969d384e440db9f1a51391cfc261d1ec08ee1bdf7b9711a6c05d485a4110a","1311719","0","1744403540","1311719","2025-04-11T20:32:20.868Z","","aptos_movement_mainnet","false","2025-04-16T06:32:55Z"
"1312346-0","120","1","0x4d2969d384e440db9f1a51391cfc261d1ec08ee1bdf7b9711a6c05d485a4110a","1312346","0","1744405179","1312346","2025-04-11T20:59:39.077Z","","aptos_movement_mainnet","false","2025-04-16T06:32:55Z"
"1313503-0","120","1","0x4d2969d384e440db9f1a51391cfc261d1ec08ee1bdf7b9711a6c05d485a4110a","1313503","0","1744408376","1313503","2025-04-11T21:52:56.774Z","","aptos_movement_mainnet","false","2025-04-16T06:32:55Z"
"1314057-0","120","1","0x4d2969d384e440db9f1a51391cfc261d1ec08ee1bdf7b9711a6c05d485a4110a","1314057","0","1744409399","1314057","2025-04-11T22:09:59.608Z","","aptos_movement_mainnet","false","2025-04-16T06:32:55Z"
"1314097-0","120","1","0x4d2969d384e440db9f1a51391cfc261d1ec08ee1bdf7b9711a6c05d485a4110a","1314097","0","1744409456","1314097","2025-04-11T22:10:56.238Z","","aptos_movement_mainnet","false","2025-04-16T06:32:55Z"
"1314106-0","120","1","0x4d2969d384e440db9f1a51391cfc261d1ec08ee1bdf7b9711a6c05d485a4110a","1314106","0","1744409464","1314106","2025-04-11T22:11:04.255Z","","aptos_movement_mainnet","false","2025-04-16T06:32:55Z"
"1314300-0","120","1","0x4d2969d384e440db9f1a51391cfc261d1ec08ee1bdf7b9711a6c05d485a4110a","1314300","0","1744409829","1314300","2025-04-11T22:17:09.076Z","","aptos_movement_mainnet","false","2025-04-16T06:32:55Z"
"1314487-0","120","1","0x4d2969d384e440db9f1a51391cfc261d1ec08ee1bdf7b9711a6c05d485a4110a","1314487","0","1744410257","1314487","2025-04-11T22:24:17.544Z","","aptos_movement_mainnet","false","2025-04-16T06:32:55Z"
"1316984-0","120","1","0x4d2969d384e440db9f1a51391cfc261d1ec08ee1bdf7b9711a6c05d485a4110a","1316984","0","1744417726","1316984","2025-04-12T00:28:46.359Z","","aptos_movement_mainnet","false","2025-04-16T06:32:55Z"
"1317625-0","120","1","0x4d2969d384e440db9f1a51391cfc261d1ec08ee1bdf7b9711a6c05d485a4110a","1317625","0","1744419617","1317625","2025-04-12T01:00:17.899Z","","aptos_movement_mainnet","false","2025-04-16T06:32:55Z"
"1317776-0","120","1","0x4d2969d384e440db9f1a51391cfc261d1ec08ee1bdf7b9711a6c05d485a4110a","1317776","0","1744420041","1317776","2025-04-12T01:07:21.862Z","","aptos_movement_mainnet","false","2025-04-16T06:32:55Z"
"1318724-0","120","1","0x4d2969d384e440db9f1a51391cfc261d1ec08ee1bdf7b9711a6c05d485a4110a","1318724","0","1744424124","1318724","2025-04-12T02:15:24.575Z","","aptos_movement_mainnet","false","2025-04-16T06:32:55Z"
"1318998-0","120","1","0x4d2969d384e440db9f1a51391cfc261d1ec08ee1bdf7b9711a6c05d485a4110a","1318998","0","1744425298","1318998","2025-04-12T02:34:58.744Z","","aptos_movement_mainnet","false","2025-04-16T06:32:55Z"
"1319142-0","120","1","0x4d2969d384e440db9f1a51391cfc261d1ec08ee1bdf7b9711a6c05d485a4110a","1319142","0","1744425701","1319142","2025-04-12T02:41:41.165Z","","aptos_movement_mainnet","false","2025-04-16T06:32:55Z"
"1319211-0","120","1","0x4d2969d384e440db9f1a51391cfc261d1ec08ee1bdf7b9711a6c05d485a4110a","1319211","0","1744425910","1319211","2025-04-12T02:45:10.648Z","","aptos_movement_mainnet","false","2025-04-16T06:32:55Z"
"1319397-0","120","1","0x4d2969d384e440db9f1a51391cfc261d1ec08ee1bdf7b9711a6c05d485a4110a","1319397","0","1744426647","1319397","2025-04-12T02:57:27.816Z","","aptos_movement_mainnet","false","2025-04-16T06:32:55Z"
"1320012-0","120","1","0x4d2969d384e440db9f1a51391cfc261d1ec08ee1bdf7b9711a6c05d485a4110a","1320012","0","1744428905","1320012","2025-04-12T03:35:05.941Z","","aptos_movement_mainnet","false","2025-04-16T06:32:55Z"
"1320867-0","120","1","0x4d2969d384e440db9f1a51391cfc261d1ec08ee1bdf7b9711a6c05d485a4110a","1320867","0","1744431374","1320867","2025-04-12T04:16:14.265Z","","aptos_movement_mainnet","false","2025-04-16T06:32:55Z"
"1321940-0","120","1","0x4d2969d384e440db9f1a51391cfc261d1ec08ee1bdf7b9711a6c05d485a4110a","1321940","0","1744434541","1321940","2025-04-12T05:09:01.369Z","","aptos_movement_mainnet","false","2025-04-16T06:32:55Z"
"1325053-0","120","1","0x4d2969d384e440db9f1a51391cfc261d1ec08ee1bdf7b9711a6c05d485a4110a","1325053","0","1744442771","1325053","2025-04-12T07:26:11.504Z","","aptos_movement_mainnet","false","2025-04-16T06:32:55Z"
"1325276-0","120","1","0x4d2969d384e440db9f1a51391cfc261d1ec08ee1bdf7b9711a6c05d485a4110a","1325276","0","1744443224","1325276","2025-04-12T07:33:44.482Z","","aptos_movement_mainnet","false","2025-04-16T06:32:55Z"
"1325554-0","120","1","0x4d2969d384e440db9f1a51391cfc261d1ec08ee1bdf7b9711a6c05d485a4110a","1325554","0","1744443847","1325554","2025-04-12T07:44:07.416Z","","aptos_movement_mainnet","false","2025-04-16T06:32:55Z"
"1325621-0","120","1","0x4d2969d384e440db9f1a51391cfc261d1ec08ee1bdf7b9711a6c05d485a4110a","1325621","0","1744443970","1325621","2025-04-12T07:46:10.687Z","","aptos_movement_mainnet","false","2025-04-16T06:32:55Z"
"1325776-0","120","1","0x4d2969d384e440db9f1a51391cfc261d1ec08ee1bdf7b9711a6c05d485a4110a","1325776","0","1744444228","1325776","2025-04-12T07:50:28.756Z","","aptos_movement_mainnet","false","2025-04-16T06:32:55Z"
"1325883-0","120","1","0x4d2969d384e440db9f1a51391cfc261d1ec08ee1bdf7b9711a6c05d485a4110a","1325883","0","1744444459","1325883","2025-04-12T07:54:19.264Z","","aptos_movement_mainnet","false","2025-04-16T06:32:55Z"
"1328138-0","120","1","0x4d2969d384e440db9f1a51391cfc261d1ec08ee1bdf7b9711a6c05d485a4110a","1328138","0","1744448785","1328138","2025-04-12T09:06:25.946Z","","aptos_movement_mainnet","false","2025-04-16T06:32:55Z"
"1330602-0","120","1","0x4d2969d384e440db9f1a51391cfc261d1ec08ee1bdf7b9711a6c05d485a4110a","1330602","0","1744453273","1330602","2025-04-12T10:21:13.026Z","","aptos_movement_mainnet","false","2025-04-16T06:32:55Z"
"1330860-0","120","1","0x4d2969d384e440db9f1a51391cfc261d1ec08ee1bdf7b9711a6c05d485a4110a","1330860","0","1744453805","1330860","2025-04-12T10:30:05.266Z","","aptos_movement_mainnet","false","2025-04-16T06:32:55Z"
"1331552-0","120","1","0x4d2969d384e440db9f1a51391cfc261d1ec08ee1bdf7b9711a6c05d485a4110a","1331552","0","1744455701","1331552","2025-04-12T11:01:41.16Z","","aptos_movement_mainnet","false","2025-04-16T06:32:55Z"
"1332522-0","120","1","0x4d2969d384e440db9f1a51391cfc261d1ec08ee1bdf7b9711a6c05d485a4110a","1332522","0","1744458861","1332522","2025-04-12T11:54:21.892Z","","aptos_movement_mainnet","false","2025-04-16T06:32:55Z"
"1332861-0","120","1","0x4d2969d384e440db9f1a51391cfc261d1ec08ee1bdf7b9711a6c05d485a4110a","1332861","0","1744459841","1332861","2025-04-12T12:10:41.615Z","","aptos_movement_mainnet","false","2025-04-16T06:32:55Z"
"1334558-0","120","1","0x4d2969d384e440db9f1a51391cfc261d1ec08ee1bdf7b9711a6c05d485a4110a","1334558","0","1744466680","1334558","2025-04-12T14:04:40.411Z","","aptos_movement_mainnet","false","2025-04-16T06:32:55Z"
"1334565-0","120","1","0x4d2969d384e440db9f1a51391cfc261d1ec08ee1bdf7b9711a6c05d485a4110a","1334565","0","1744466690","1334565","2025-04-12T14:04:50.434Z","","aptos_movement_mainnet","false","2025-04-16T06:32:55Z"
"1334621-0","120","1","0x4d2969d384e440db9f1a51391cfc261d1ec08ee1bdf7b9711a6c05d485a4110a","1334621","0","1744466783","1334621","2025-04-12T14:06:23.645Z","","aptos_movement_mainnet","false","2025-04-16T06:32:55Z"
"1334783-0","120","1","0x4d2969d384e440db9f1a51391cfc261d1ec08ee1bdf7b9711a6c05d485a4110a","1334783","0","1744467227","1334783","2025-04-12T14:13:47.64Z","","aptos_movement_mainnet","false","2025-04-16T06:32:55Z"
"1335091-0","120","1","0x4d2969d384e440db9f1a51391cfc261d1ec08ee1bdf7b9711a6c05d485a4110a","1335091","0","1744467926","1335091","2025-04-12T14:25:26.713Z","","aptos_movement_mainnet","false","2025-04-16T06:32:55Z"
"1335690-0","120","1","0x4d2969d384e440db9f1a51391cfc261d1ec08ee1bdf7b9711a6c05d485a4110a","1335690","0","1744468943","1335690","2025-04-12T14:42:23.015Z","","aptos_movement_mainnet","false","2025-04-16T06:32:55Z"
"1336524-0","120","1","0x4d2969d384e440db9f1a51391cfc261d1ec08ee1bdf7b9711a6c05d485a4110a","1336524","0","1744470439","1336524","2025-04-12T15:07:19.508Z","","aptos_movement_mainnet","false","2025-04-16T06:32:55Z"
"1337990-0","120","1","0x4d2969d384e440db9f1a51391cfc261d1ec08ee1bdf7b9711a6c05d485a4110a","1337990","0","1744472890","1337990","2025-04-12T15:48:10.737Z","","aptos_movement_mainnet","false","2025-04-16T06:32:55Z"
"1341582-0","120","1","0x4d2969d384e440db9f1a51391cfc261d1ec08ee1bdf7b9711a6c05d485a4110a","1341582","0","1744479985","1341582","2025-04-12T17:46:25.093Z","","aptos_movement_mainnet","false","2025-04-16T06:32:55Z"
"1344655-0","120","1","0x4d2969d384e440db9f1a51391cfc261d1ec08ee1bdf7b9711a6c05d485a4110a","1344655","0","1744485011","1344655","2025-04-12T19:10:11.209Z","","aptos_movement_mainnet","false","2025-04-16T06:32:55Z"
"1344963-0","120","1","0x4d2969d384e440db9f1a51391cfc261d1ec08ee1bdf7b9711a6c05d485a4110a","1344963","0","1744485465","1344963","2025-04-12T19:17:45.854Z","","aptos_movement_mainnet","false","2025-04-16T06:32:55Z"
"1345383-0","120","1","0x4d2969d384e440db9f1a51391cfc261d1ec08ee1bdf7b9711a6c05d485a4110a","1345383","0","1744486131","1345383","2025-04-12T19:28:51.988Z","","aptos_movement_mainnet","false","2025-04-16T06:32:55Z"
"1346256-0","120","1","0x4d2969d384e440db9f1a51391cfc261d1ec08ee1bdf7b9711a6c05d485a4110a","1346256","0","1744487383","1346256","2025-04-12T19:49:43.331Z","","aptos_movement_mainnet","false","2025-04-16T06:32:55Z"
"1346558-0","120","1","0x4d2969d384e440db9f1a51391cfc261d1ec08ee1bdf7b9711a6c05d485a4110a","1346558","0","1744487829","1346558","2025-04-12T19:57:09.363Z","","aptos_movement_mainnet","false","2025-04-16T06:32:57Z"
"1346566-0","120","1","0x4d2969d384e440db9f1a51391cfc261d1ec08ee1bdf7b9711a6c05d485a4110a","1346566","0","1744487837","1346566","2025-04-12T19:57:17.382Z","","aptos_movement_mainnet","false","2025-04-16T06:32:57Z"
"1346853-0","120","1","0x4d2969d384e440db9f1a51391cfc261d1ec08ee1bdf7b9711a6c05d485a4110a","1346853","0","1744488185","1346853","2025-04-12T20:03:05.179Z","","aptos_movement_mainnet","false","2025-04-16T06:32:57Z"
"1346904-0","120","1","0x4d2969d384e440db9f1a51391cfc261d1ec08ee1bdf7b9711a6c05d485a4110a","1346904","0","1744488226","1346904","2025-04-12T20:03:46.769Z","","aptos_movement_mainnet","false","2025-04-16T06:32:57Z"
"1346930-0","120","1","0x4d2969d384e440db9f1a51391cfc261d1ec08ee1bdf7b9711a6c05d485a4110a","1346930","0","1744488246","1346930","2025-04-12T20:04:06.809Z","","aptos_movement_mainnet","false","2025-04-16T06:32:57Z"
"1346958-0","120","1","0x4d2969d384e440db9f1a51391cfc261d1ec08ee1bdf7b9711a6c05d485a4110a","1346958","0","1744488270","1346958","2025-04-12T20:04:30.859Z","","aptos_movement_mainnet","false","2025-04-16T06:32:57Z"
"1347138-0","120","1","0x4d2969d384e440db9f1a51391cfc261d1ec08ee1bdf7b9711a6c05d485a4110a","1347138","0","1744488499","1347138","2025-04-12T20:08:19.378Z","","aptos_movement_mainnet","false","2025-04-16T06:32:57Z"
"1347248-0","120","1","0x4d2969d384e440db9f1a51391cfc261d1ec08ee1bdf7b9711a6c05d485a4110a","1347248","0","1744488640","1347248","2025-04-12T20:10:40.709Z","","aptos_movement_mainnet","false","2025-04-16T06:32:57Z"
"1347267-0","120","1","0x4d2969d384e440db9f1a51391cfc261d1ec08ee1bdf7b9711a6c05d485a4110a","1347267","0","1744488660","1347267","2025-04-12T20:11:00.752Z","","aptos_movement_mainnet","false","2025-04-16T06:32:57Z"
"1347305-0","120","1","0x4d2969d384e440db9f1a51391cfc261d1ec08ee1bdf7b9711a6c05d485a4110a","1347305","0","1744488708","1347305","2025-04-12T20:11:48.856Z","","aptos_movement_mainnet","false","2025-04-16T06:32:57Z"
"1348314-0","120","1","0x4d2969d384e440db9f1a51391cfc261d1ec08ee1bdf7b9711a6c05d485a4110a","1348314","0","1744490317","1348314","2025-04-12T20:38:37.501Z","","aptos_movement_mainnet","false","2025-04-16T06:32:57Z"
"1348362-0","120","1","0x4d2969d384e440db9f1a51391cfc261d1ec08ee1bdf7b9711a6c05d485a4110a","1348362","0","1744490372","1348362","2025-04-12T20:39:32.12Z","","aptos_movement_mainnet","false","2025-04-16T06:32:57Z"
"1348443-0","120","1","0x4d2969d384e440db9f1a51391cfc261d1ec08ee1bdf7b9711a6c05d485a4110a","1348443","0","1744490461","1348443","2025-04-12T20:41:01.331Z","","aptos_movement_mainnet","false","2025-04-16T06:32:57Z"
"1348465-0","120","1","0x4d2969d384e440db9f1a51391cfc261d1ec08ee1bdf7b9711a6c05d485a4110a","1348465","0","1744490485","1348465","2025-04-12T20:41:25.386Z","","aptos_movement_mainnet","false","2025-04-16T06:32:57Z"
"1348671-0","120","1","0x4d2969d384e440db9f1a51391cfc261d1ec08ee1bdf7b9711a6c05d485a4110a","1348671","0","1744490800","1348671","2025-04-12T20:46:40.677Z","","aptos_movement_mainnet","false","2025-04-16T06:32:57Z"
"1348674-0","120","1","0x4d2969d384e440db9f1a51391cfc261d1ec08ee1bdf7b9711a6c05d485a4110a","1348674","0","1744490808","1348674","2025-04-12T20:46:48.695Z","","aptos_movement_mainnet","false","2025-04-16T06:32:57Z"
"1348684-0","120","1","0x4d2969d384e440db9f1a51391cfc261d1ec08ee1bdf7b9711a6c05d485a4110a","1348684","0","1744490824","1348684","2025-04-12T20:47:04.729Z","","aptos_movement_mainnet","false","2025-04-16T06:32:57Z"
"1348696-0","120","1","0x4d2969d384e440db9f1a51391cfc261d1ec08ee1bdf7b9711a6c05d485a4110a","1348696","0","1744490840","1348696","2025-04-12T20:47:20.765Z","","aptos_movement_mainnet","false","2025-04-16T06:32:57Z"
"1348750-0","120","1","0x4d2969d384e440db9f1a51391cfc261d1ec08ee1bdf7b9711a6c05d485a4110a","1348750","0","1744490900","1348750","2025-04-12T20:48:20.906Z","","aptos_movement_mainnet","false","2025-04-16T06:32:57Z"
"1348756-0","120","1","0x4d2969d384e440db9f1a51391cfc261d1ec08ee1bdf7b9711a6c05d485a4110a","1348756","0","1744490908","1348756","2025-04-12T20:48:28.922Z","","aptos_movement_mainnet","false","2025-04-16T06:32:57Z"
"1348764-0","120","1","0x4d2969d384e440db9f1a51391cfc261d1ec08ee1bdf7b9711a6c05d485a4110a","1348764","0","1744490916","1348764","2025-04-12T20:48:36.943Z","","aptos_movement_mainnet","false","2025-04-16T06:32:57Z"
"1349109-0","120","1","0x4d2969d384e440db9f1a51391cfc261d1ec08ee1bdf7b9711a6c05d485a4110a","1349109","0","1744491510","1349109","2025-04-12T20:58:30.784Z","","aptos_movement_mainnet","false","2025-04-16T06:32:57Z"
"1349139-0","120","1","0x4d2969d384e440db9f1a51391cfc261d1ec08ee1bdf7b9711a6c05d485a4110a","1349139","0","1744491554","1349139","2025-04-12T20:59:14.885Z","","aptos_movement_mainnet","false","2025-04-16T06:32:57Z"
"1349227-0","120","1","0x4d2969d384e440db9f1a51391cfc261d1ec08ee1bdf7b9711a6c05d485a4110a","1349227","0","1744491737","1349227","2025-04-12T21:02:17.301Z","","aptos_movement_mainnet","false","2025-04-16T06:32:57Z"
"1349416-0","120","1","0x4d2969d384e440db9f1a51391cfc261d1ec08ee1bdf7b9711a6c05d485a4110a","1349416","0","1744492029","1349416","2025-04-12T21:07:09.485Z","","aptos_movement_mainnet","false","2025-04-16T06:32:57Z"
"1349831-0","120","1","0x4d2969d384e440db9f1a51391cfc261d1ec08ee1bdf7b9711a6c05d485a4110a","1349831","0","1744492700","1349831","2025-04-12T21:18:20.03Z","","aptos_movement_mainnet","false","2025-04-16T06:32:57Z"
"1349987-0","120","1","0x4d2969d384e440db9f1a51391cfc261d1ec08ee1bdf7b9711a6c05d485a4110a","1349987","0","1744492883","1349987","2025-04-12T21:21:23.451Z","","aptos_movement_mainnet","false","2025-04-16T06:32:57Z"
"1350488-0","120","1","0x4d2969d384e440db9f1a51391cfc261d1ec08ee1bdf7b9711a6c05d485a4110a","1350488","0","1744493580","1350488","2025-04-12T21:33:00.571Z","","aptos_movement_mainnet","false","2025-04-16T06:32:57Z"
"1350753-0","120","1","0x4d2969d384e440db9f1a51391cfc261d1ec08ee1bdf7b9711a6c05d485a4110a","1350753","0","1744494001","1350753","2025-04-12T21:40:01.533Z","","aptos_movement_mainnet","false","2025-04-16T06:32:57Z"
"1350792-0","120","1","0x4d2969d384e440db9f1a51391cfc261d1ec08ee1bdf7b9711a6c05d485a4110a","1350792","0","1744494042","1350792","2025-04-12T21:40:42.627Z","","aptos_movement_mainnet","false","2025-04-16T06:32:57Z"
"1351014-0","120","1","0x4d2969d384e440db9f1a51391cfc261d1ec08ee1bdf7b9711a6c05d485a4110a","1351014","0","1744494359","1351014","2025-04-12T21:45:59.86Z","","aptos_movement_mainnet","false","2025-04-16T06:32:57Z"
"1351467-0","120","1","0x4d2969d384e440db9f1a51391cfc261d1ec08ee1bdf7b9711a6c05d485a4110a","1351467","0","1744495028","1351467","2025-04-12T21:57:08.602Z","","aptos_movement_mainnet","false","2025-04-16T06:32:57Z"
"1351484-0","120","1","0x4d2969d384e440db9f1a51391cfc261d1ec08ee1bdf7b9711a6c05d485a4110a","1351484","0","1744495046","1351484","2025-04-12T21:57:26.145Z","","aptos_movement_mainnet","false","2025-04-16T06:32:57Z"
"1352492-0","120","1","0x4d2969d384e440db9f1a51391cfc261d1ec08ee1bdf7b9711a6c05d485a4110a","1352492","0","1744496643","1352492","2025-04-12T22:24:03.313Z","","aptos_movement_mainnet","false","2025-04-16T06:32:57Z"
"1352540-0","120","1","0x4d2969d384e440db9f1a51391cfc261d1ec08ee1bdf7b9711a6c05d485a4110a","1352540","0","1744496700","1352540","2025-04-12T22:25:00.94Z","","aptos_movement_mainnet","false","2025-04-16T06:32:57Z"
"1352562-0","120","1","0x4d2969d384e440db9f1a51391cfc261d1ec08ee1bdf7b9711a6c05d485a4110a","1352562","0","1744496723","1352562","2025-04-12T22:25:23.995Z","","aptos_movement_mainnet","false","2025-04-16T06:32:57Z"
"1352573-0","120","1","0x4d2969d384e440db9f1a51391cfc261d1ec08ee1bdf7b9711a6c05d485a4110a","1352573","0","1744496741","1352573","2025-04-12T22:25:41.54Z","","aptos_movement_mainnet","false","2025-04-16T06:32:57Z"
"1352607-0","120","1","0x4d2969d384e440db9f1a51391cfc261d1ec08ee1bdf7b9711a6c05d485a4110a","1352607","0","1744496802","1352607","2025-04-12T22:26:42.183Z","","aptos_movement_mainnet","false","2025-04-16T06:32:57Z"
"1352775-0","120","1","0x4d2969d384e440db9f1a51391cfc261d1ec08ee1bdf7b9711a6c05d485a4110a","1352775","0","1744497017","1352775","2025-04-12T22:30:17.189Z","","aptos_movement_mainnet","false","2025-04-16T06:32:57Z"
"1358121-0","120","1","0x4d2969d384e440db9f1a51391cfc261d1ec08ee1bdf7b9711a6c05d485a4110a","1358121","0","1744508202","1358121","2025-04-13T01:36:42.968Z","","aptos_movement_mainnet","false","2025-04-16T06:32:57Z"
"1358270-0","120","1","0x4d2969d384e440db9f1a51391cfc261d1ec08ee1bdf7b9711a6c05d485a4110a","1358270","0","1744508438","1358270","2025-04-13T01:40:38.497Z","","aptos_movement_mainnet","false","2025-04-16T06:32:57Z"
"1358450-0","120","1","0x4d2969d384e440db9f1a51391cfc261d1ec08ee1bdf7b9711a6c05d485a4110a","1358450","0","1744508691","1358450","2025-04-13T01:44:51.589Z","","aptos_movement_mainnet","false","2025-04-16T06:32:57Z"
"1360786-0","120","1","0x4d2969d384e440db9f1a51391cfc261d1ec08ee1bdf7b9711a6c05d485a4110a","1360786","0","1744513597","1360786","2025-04-13T03:06:37.585Z","","aptos_movement_mainnet","false","2025-04-16T06:32:57Z"
"1360917-0","120","1","0x4d2969d384e440db9f1a51391cfc261d1ec08ee1bdf7b9711a6c05d485a4110a","1360917","0","1744513822","1360917","2025-04-13T03:10:22.59Z","","aptos_movement_mainnet","false","2025-04-16T06:32:57Z"
"1361743-0","120","1","0x4d2969d384e440db9f1a51391cfc261d1ec08ee1bdf7b9711a6c05d485a4110a","1361743","0","1744515531","1361743","2025-04-13T03:38:51.496Z","","aptos_movement_mainnet","false","2025-04-16T06:32:57Z"
"1364792-0","120","1","0x4d2969d384e440db9f1a51391cfc261d1ec08ee1bdf7b9711a6c05d485a4110a","1364792","0","1744522674","1364792","2025-04-13T05:37:54.823Z","","aptos_movement_mainnet","false","2025-04-16T06:32:57Z"
"1366496-0","120","1","0x4d2969d384e440db9f1a51391cfc261d1ec08ee1bdf7b9711a6c05d485a4110a","1366496","0","1744529864","1366496","2025-04-13T07:37:44.564Z","","aptos_movement_mainnet","false","2025-04-16T06:32:57Z"
"1367365-0","120","1","0x4d2969d384e440db9f1a51391cfc261d1ec08ee1bdf7b9711a6c05d485a4110a","1367365","0","1744533429","1367365","2025-04-13T08:37:09.044Z","","aptos_movement_mainnet","false","2025-04-16T06:32:57Z"
"1372714-0","120","1","0x4d2969d384e440db9f1a51391cfc261d1ec08ee1bdf7b9711a6c05d485a4110a","1372714","0","1744543776","1372714","2025-04-13T11:29:36.703Z","","aptos_movement_mainnet","false","2025-04-16T06:32:57Z"
"1373026-0","120","1","0x4d2969d384e440db9f1a51391cfc261d1ec08ee1bdf7b9711a6c05d485a4110a","1373026","0","1744544337","1373026","2025-04-13T11:38:57.026Z","","aptos_movement_mainnet","false","2025-04-16T06:32:57Z"
"1373128-0","120","1","0x4d2969d384e440db9f1a51391cfc261d1ec08ee1bdf7b9711a6c05d485a4110a","1373128","0","1744544579","1373128","2025-04-13T11:42:59.057Z","","aptos_movement_mainnet","false","2025-04-16T06:32:57Z"
"1373415-0","120","1","0x4d2969d384e440db9f1a51391cfc261d1ec08ee1bdf7b9711a6c05d485a4110a","1373415","0","1744545213","1373415","2025-04-13T11:53:33.045Z","","aptos_movement_mainnet","false","2025-04-16T06:32:57Z"
"1373543-0","120","1","0x4d2969d384e440db9f1a51391cfc261d1ec08ee1bdf7b9711a6c05d485a4110a","1373543","0","1744545423","1373543","2025-04-13T11:57:03.519Z","","aptos_movement_mainnet","false","2025-04-16T06:32:57Z"
"1375228-0","120","1","0x4d2969d384e440db9f1a51391cfc261d1ec08ee1bdf7b9711a6c05d485a4110a","1375228","0","1744548558","1375228","2025-04-13T12:49:18.027Z","","aptos_movement_mainnet","false","2025-04-16T06:32:57Z"
"1375283-0","120","1","0x4d2969d384e440db9f1a51391cfc261d1ec08ee1bdf7b9711a6c05d485a4110a","1375283","0","1744548623","1375283","2025-04-13T12:50:23.686Z","","aptos_movement_mainnet","false","2025-04-16T06:32:57Z"
"1375302-0","120","1","0x4d2969d384e440db9f1a51391cfc261d1ec08ee1bdf7b9711a6c05d485a4110a","1375302","0","1744548640","1375302","2025-04-13T12:50:40.225Z","","aptos_movement_mainnet","false","2025-04-16T06:32:57Z"
"1375326-0","120","1","0x4d2969d384e440db9f1a51391cfc261d1ec08ee1bdf7b9711a6c05d485a4110a","1375326","0","1744548672","1375326","2025-04-13T12:51:12.299Z","","aptos_movement_mainnet","false","2025-04-16T06:32:57Z"
"1375334-0","120","1","0x4d2969d384e440db9f1a51391cfc261d1ec08ee1bdf7b9711a6c05d485a4110a","1375334","0","1744548680","1375334","2025-04-13T12:51:20.318Z","","aptos_movement_mainnet","false","2025-04-16T06:32:57Z"
"1375363-0","120","1","0x4d2969d384e440db9f1a51391cfc261d1ec08ee1bdf7b9711a6c05d485a4110a","1375363","0","1744548708","1375363","2025-04-13T12:51:48.884Z","","aptos_movement_mainnet","false","2025-04-16T06:32:57Z"
"1375437-0","120","1","0x4d2969d384e440db9f1a51391cfc261d1ec08ee1bdf7b9711a6c05d485a4110a","1375437","0","1744548801","1375437","2025-04-13T12:53:21.599Z","","aptos_movement_mainnet","false","2025-04-16T06:32:57Z"
"1375541-0","120","1","0x4d2969d384e440db9f1a51391cfc261d1ec08ee1bdf7b9711a6c05d485a4110a","1375541","0","1744548948","1375541","2025-04-13T12:55:48.432Z","","aptos_movement_mainnet","false","2025-04-16T06:32:57Z"
"1375779-0","120","1","0x4d2969d384e440db9f1a51391cfc261d1ec08ee1bdf7b9711a6c05d485a4110a","1375779","0","1744549444","1375779","2025-04-13T13:04:04.801Z","","aptos_movement_mainnet","false","2025-04-16T06:32:57Z"
"1375906-0","120","1","0x4d2969d384e440db9f1a51391cfc261d1ec08ee1bdf7b9711a6c05d485a4110a","1375906","0","1744549678","1375906","2025-04-13T13:07:58.837Z","","aptos_movement_mainnet","false","2025-04-16T06:32:57Z"
"1376161-0","120","1","0x4d2969d384e440db9f1a51391cfc261d1ec08ee1bdf7b9711a6c05d485a4110a","1376161","0","1744550204","1376161","2025-04-13T13:16:44.057Z","","aptos_movement_mainnet","false","2025-04-16T06:32:57Z"
"1376574-0","120","1","0x4d2969d384e440db9f1a51391cfc261d1ec08ee1bdf7b9711a6c05d485a4110a","1376574","0","1744550870","1376574","2025-04-13T13:27:50.057Z","","aptos_movement_mainnet","false","2025-04-16T06:32:57Z"
"1376624-0","120","1","0x4d2969d384e440db9f1a51391cfc261d1ec08ee1bdf7b9711a6c05d485a4110a","1376624","0","1744550927","1376624","2025-04-13T13:28:47.696Z","","aptos_movement_mainnet","false","2025-04-16T06:32:57Z"
"1378519-0","120","1","0x4d2969d384e440db9f1a51391cfc261d1ec08ee1bdf7b9711a6c05d485a4110a","1378519","0","1744553813","1378519","2025-04-13T14:16:53.372Z","","aptos_movement_mainnet","false","2025-04-16T06:32:57Z"
"1388400-0","120","1","0x4d2969d384e440db9f1a51391cfc261d1ec08ee1bdf7b9711a6c05d485a4110a","1388400","0","1744572879","1388400","2025-04-13T19:34:39.948Z","","aptos_movement_mainnet","false","2025-04-16T06:32:57Z"
"1389275-0","120","1","0x4d2969d384e440db9f1a51391cfc261d1ec08ee1bdf7b9711a6c05d485a4110a","1389275","0","1744575906","1389275","2025-04-13T20:25:06.205Z","","aptos_movement_mainnet","false","2025-04-16T06:32:57Z"
"1389537-0","120","1","0x4d2969d384e440db9f1a51391cfc261d1ec08ee1bdf7b9711a6c05d485a4110a","1389537","0","1744576756","1389537","2025-04-13T20:39:16.599Z","","aptos_movement_mainnet","false","2025-04-16T06:32:57Z"
"1389925-0","120","1","0x4d2969d384e440db9f1a51391cfc261d1ec08ee1bdf7b9711a6c05d485a4110a","1389925","0","1744577594","1389925","2025-04-13T20:53:14.004Z","","aptos_movement_mainnet","false","2025-04-16T06:32:57Z"
"1391299-0","120","1","0x4d2969d384e440db9f1a51391cfc261d1ec08ee1bdf7b9711a6c05d485a4110a","1391299","0","1744580664","1391299","2025-04-13T21:44:24.214Z","","aptos_movement_mainnet","false","2025-04-16T06:32:57Z"
"1402334-0","120","1","0x4d2969d384e440db9f1a51391cfc261d1ec08ee1bdf7b9711a6c05d485a4110a","1402334","0","1744609803","1402334","2025-04-14T05:50:03.564Z","","aptos_movement_mainnet","false","2025-04-16T06:32:57Z"
"1406311-0","120","1","0x4d2969d384e440db9f1a51391cfc261d1ec08ee1bdf7b9711a6c05d485a4110a","1406311","0","1744619535","1406311","2025-04-14T08:32:15.722Z","","aptos_movement_mainnet","false","2025-04-16T06:32:57Z"
"1416751-0","120","1","0x4d2969d384e440db9f1a51391cfc261d1ec08ee1bdf7b9711a6c05d485a4110a","1416751","0","1744637714","1416751","2025-04-14T13:35:14.227Z","","aptos_movement_mainnet","false","2025-04-16T06:32:57Z"
"1434887-0","120","1","0x4d2969d384e440db9f1a51391cfc261d1ec08ee1bdf7b9711a6c05d485a4110a","1434887","0","1744656591","1434887","2025-04-14T18:49:51.063Z","","aptos_movement_mainnet","false","2025-04-16T06:32:57Z"